"codice_1_livello","label_1_livello_it","label_1_livello_en","def_1_livello_it","def_1_livello_en","codice_2_livello","label_2_livello_it","label_2_livello_en","def_2_livello_it","def_2_livello_en","codice_3_livello","label_3_livello_it","label_3_livello_en","def_3_livello_it","def_3_livello_en"
"SC","Aree costiere","Coastal areas","Categoria dell'opera di risanamento: Aree costiere","Repair work category: Coastal areas","SC-A","Interventi non strutturali","Non-structural interventions","Gruppo: Interventi non strutturali (Categoria: Aree costiere)","Group: Non-structural interventions (Category: Coastal areas)","SC-11","Monitoraggio strumentale","Instrumental monitoring","Monitoraggio strumentale (Categoria: Aree costiere, Gruppo: Interventi non strutturali)","Instrumental monitoring (Category: Coastal areas, Group: Non-structural interventions)"
"SC","Aree costiere","Coastal areas","Categoria dell'opera di risanamento: Aree costiere","Repair work category: Coastal areas","SC-A","Interventi non strutturali","Non-structural interventions","Gruppo: Interventi non strutturali (Categoria: Aree costiere)","Group: Non-structural interventions (Category: Coastal areas)","SC-13","Aree costiere - Altri interventi non strutturali","Coastal areas - Other non-structural interventions","Aree costiere - Altri interventi non strutturali (Categoria: Aree costiere, Gruppo: Interventi non strutturali)","Coastal areas - Other non-structural interventions (Category: Coastal areas, Group: Non-structural interventions)"
"SC","Aree costiere","Coastal areas","Categoria dell'opera di risanamento: Aree costiere","Repair work category: Coastal areas","SC-A","Interventi non strutturali","Non-structural interventions","Gruppo: Interventi non strutturali (Categoria: Aree costiere)","Group: Non-structural interventions (Category: Coastal areas)","SC-12","Delocalizzazione","Relocation","Delocalizzazione (Categoria: Aree costiere, Gruppo: Interventi non strutturali)","Relocation (Category: Coastal areas, Group: Non-structural interventions)"
"SC","Aree costiere","Coastal areas","Categoria dell'opera di risanamento: Aree costiere","Repair work category: Coastal areas","SC-B","Interventi strutturali","Structural interventions","Gruppo: Interventi strutturali (Categoria: Aree costiere)","Group: Structural interventions (Category: Coastal areas)","SC-6","Opere trasversali sommerse (pennelli)","Transversal submerged works (brushes)","Opere trasversali sommerse (pennelli) (Categoria: Aree costiere, Gruppo: Interventi strutturali)","Transversal submerged works (brushes) (Category: Coastal areas, Group: Structural interventions)"
"SC","Aree costiere","Coastal areas","Categoria dell'opera di risanamento: Aree costiere","Repair work category: Coastal areas","SC-B","Interventi strutturali","Structural interventions","Gruppo: Interventi strutturali (Categoria: Aree costiere)","Group: Structural interventions (Category: Coastal areas)","SC-5","Opere trasversali emerse (pennelli)","Transversal works that emerged (brushes)","Opere trasversali emerse (pennelli) (Categoria: Aree costiere, Gruppo: Interventi strutturali)","Transversal works that emerged (brushes) (Category: Coastal areas, Group: Structural interventions)"
"SC","Aree costiere","Coastal areas","Categoria dell'opera di risanamento: Aree costiere","Repair work category: Coastal areas","SC-B","Interventi strutturali","Structural interventions","Gruppo: Interventi strutturali (Categoria: Aree costiere)","Group: Structural interventions (Category: Coastal areas)","SC-8","Dighe frangiflutti","Breakwater dams","Dighe frangiflutti (Categoria: Aree costiere, Gruppo: Interventi strutturali)","Breakwater dams (Category: Coastal areas, Group: Structural interventions)"
"SC","Aree costiere","Coastal areas","Categoria dell'opera di risanamento: Aree costiere","Repair work category: Coastal areas","SC-B","Interventi strutturali","Structural interventions","Gruppo: Interventi strutturali (Categoria: Aree costiere)","Group: Structural interventions (Category: Coastal areas)","SC-1","Ricostruzione/rinaturalizzazione cordoni dunali (graticciate vive/morte, trapianto cespi e rizomi di graminacee)","Reconstruction / renaturalization of dune cords (live / dead gratings, transplantation of tufts and rhizomes of grasses)","Ricostruzione/rinaturalizzazione cordoni dunali (graticciate vive/morte, trapianto cespi e rizomi di graminacee) (Categoria: Aree costiere, Gruppo: Interventi strutturali)","Reconstruction / renaturalization of dune cords (live / dead gratings, transplantation of tufts and rhizomes of grasses) (Category: Coastal areas, Group: Structural interventions)"
"SC","Aree costiere","Coastal areas","Categoria dell'opera di risanamento: Aree costiere","Repair work category: Coastal areas","SC-B","Interventi strutturali","Structural interventions","Gruppo: Interventi strutturali (Categoria: Aree costiere)","Group: Structural interventions (Category: Coastal areas)","SC-4","Opere longitudinali sommerse (barriere)","Longitudinal submerged works (barriers)","Opere longitudinali sommerse (barriere) (Categoria: Aree costiere, Gruppo: Interventi strutturali)","Longitudinal submerged works (barriers) (Category: Coastal areas, Group: Structural interventions)"
"SC","Aree costiere","Coastal areas","Categoria dell'opera di risanamento: Aree costiere","Repair work category: Coastal areas","SC-B","Interventi strutturali","Structural interventions","Gruppo: Interventi strutturali (Categoria: Aree costiere)","Group: Structural interventions (Category: Coastal areas)","SC-7","Dragaggio","Dredging","Dragaggio (Categoria: Aree costiere, Gruppo: Interventi strutturali)","Dredging (Category: Coastal areas, Group: Structural interventions)"
"SC","Aree costiere","Coastal areas","Categoria dell'opera di risanamento: Aree costiere","Repair work category: Coastal areas","SC-B","Interventi strutturali","Structural interventions","Gruppo: Interventi strutturali (Categoria: Aree costiere)","Group: Structural interventions (Category: Coastal areas)","SC-3","Opere longitudinali emerse (barriere)","Longitudinal emerged works (barriers)","Opere longitudinali emerse (barriere) (Categoria: Aree costiere, Gruppo: Interventi strutturali)","Longitudinal emerged works (barriers) (Category: Coastal areas, Group: Structural interventions)"
"SC","Aree costiere","Coastal areas","Categoria dell'opera di risanamento: Aree costiere","Repair work category: Coastal areas","SC-B","Interventi strutturali","Structural interventions","Gruppo: Interventi strutturali (Categoria: Aree costiere)","Group: Structural interventions (Category: Coastal areas)","SC-2","Ripascimento spiagge","Beach nourishment","Ripascimento spiagge (Categoria: Aree costiere, Gruppo: Interventi strutturali)","Beach nourishment (Category: Coastal areas, Group: Structural interventions)"
"SC","Aree costiere","Coastal areas","Categoria dell'opera di risanamento: Aree costiere","Repair work category: Coastal areas","SC-B","Interventi strutturali","Structural interventions","Gruppo: Interventi strutturali (Categoria: Aree costiere)","Group: Structural interventions (Category: Coastal areas)","SC-9","Opere di difesa aderenti (scogliere, muri, rivestimenti)","Adherent defense works (cliffs, walls, coatings)","Opere di difesa aderenti (scogliere, muri, rivestimenti) (Categoria: Aree costiere, Gruppo: Interventi strutturali)","Adherent defense works (cliffs, walls, coatings) (Category: Coastal areas, Group: Structural interventions)"
"SC","Aree costiere","Coastal areas","Categoria dell'opera di risanamento: Aree costiere","Repair work category: Coastal areas","SC-B","Interventi strutturali","Structural interventions","Gruppo: Interventi strutturali (Categoria: Aree costiere)","Group: Structural interventions (Category: Coastal areas)","SC-10","Aree costiere - Altri interventi strutturali","Coastal areas - Other structural interventions","Aree costiere - Altri interventi strutturali (Categoria: Aree costiere, Gruppo: Interventi strutturali)","Coastal areas - Other structural interventions (Category: Coastal areas, Group: Structural interventions)"
"SC","Aree costiere","Coastal areas","Categoria dell'opera di risanamento: Aree costiere","Repair work category: Coastal areas","SC-C","Opere non definite (info carenti)","Undefined works (info lacking)","Gruppo: Opere non definite (info carenti) (Categoria: Aree costiere)","Group: Undefined works (info lacking) (Category: Coastal areas)","SC-0","Opere non definite per dissesto costiero  (informazioni carenti)","Undefined coastal instability works (lack of information)","Opere non definite per dissesto costiero  (informazioni carenti) (Categoria: Aree costiere, Gruppo: Opere non definite (info carenti))","Undefined coastal instability works (lack of information) (Category: Coastal areas, Group: Undefined works (info lacking))"
"SF","Frana","Landslide","Categoria dell'opera di risanamento: Frana","Repair work category: Landslide","SF-A","Controllo erosione sup. e regimaz. acque","Upper erosion control and regimaz. waters","Gruppo: Controllo erosione sup. e regimaz. acque (Categoria: Frana)","Group: Upper erosion control and regimaz. waters (Category: Landslide)","SF-6","Geostuoia tridimensionale, geocomposito, geocelle, rivestimento vegetativo (sintetici)","Three-dimensional geomat, geocomposite, geocells, vegetative coating (synthetics)","Geostuoia tridimensionale, geocomposito, geocelle, rivestimento vegetativo (sintetici) (Categoria: Frana, Gruppo: Controllo erosione sup. e regimaz. acque)","Three-dimensional geomat, geocomposite, geocells, vegetative coating (synthetics) (Category: Landslide, Group: Upper erosion control and regimaz. waters)"
"SF","Frana","Landslide","Categoria dell'opera di risanamento: Frana","Repair work category: Landslide","SF-A","Controllo erosione sup. e regimaz. acque","Upper erosion control and regimaz. waters","Gruppo: Controllo erosione sup. e regimaz. acque (Categoria: Frana)","Group: Upper erosion control and regimaz. waters (Category: Landslide)","SF-5","Biostuoia, biorete, biofeltro (biodegradabili)","Biomat, bio-mesh, bio-felt (biodegradable)","Biostuoia, biorete, biofeltro (biodegradabili) (Categoria: Frana, Gruppo: Controllo erosione sup. e regimaz. acque)","Biomat, bio-mesh, bio-felt (biodegradable) (Category: Landslide, Group: Upper erosion control and regimaz. waters)"
"SF","Frana","Landslide","Categoria dell'opera di risanamento: Frana","Repair work category: Landslide","SF-A","Controllo erosione sup. e regimaz. acque","Upper erosion control and regimaz. waters","Gruppo: Controllo erosione sup. e regimaz. acque (Categoria: Frana)","Group: Upper erosion control and regimaz. waters (Category: Landslide)","SF-8","Canaletta in legname e pietrame, canaletta rinverdita","Timber and stone channel, green channel","Canaletta in legname e pietrame, canaletta rinverdita (Categoria: Frana, Gruppo: Controllo erosione sup. e regimaz. acque)","Timber and stone channel, green channel (Category: Landslide, Group: Upper erosion control and regimaz. waters)"
"SF","Frana","Landslide","Categoria dell'opera di risanamento: Frana","Repair work category: Landslide","SF-A","Controllo erosione sup. e regimaz. acque","Upper erosion control and regimaz. waters","Gruppo: Controllo erosione sup. e regimaz. acque (Categoria: Frana)","Group: Upper erosion control and regimaz. waters (Category: Landslide)","SF-4","Semina, idrosemina, idrosemina con paglia e bitume","Sowing, hydro-sowing, hydro-sowing with straw and bitumen","Semina, idrosemina, idrosemina con paglia e bitume (Categoria: Frana, Gruppo: Controllo erosione sup. e regimaz. acque)","Sowing, hydro-sowing, hydro-sowing with straw and bitumen (Category: Landslide, Group: Upper erosion control and regimaz. waters)"
"SF","Frana","Landslide","Categoria dell'opera di risanamento: Frana","Repair work category: Landslide","SF-A","Controllo erosione sup. e regimaz. acque","Upper erosion control and regimaz. waters","Gruppo: Controllo erosione sup. e regimaz. acque (Categoria: Frana)","Group: Upper erosion control and regimaz. waters (Category: Landslide)","SF-7","Canaletta in calcestruzzo, in lamiera, cunetta, condotta di smaltimento","Channel in concrete, sheet metal, gutter, disposal pipe","Canaletta in calcestruzzo, in lamiera, cunetta, condotta di smaltimento (Categoria: Frana, Gruppo: Controllo erosione sup. e regimaz. acque)","Channel in concrete, sheet metal, gutter, disposal pipe (Category: Landslide, Group: Upper erosion control and regimaz. waters)"
"SF","Frana","Landslide","Categoria dell'opera di risanamento: Frana","Repair work category: Landslide","SF-A","Controllo erosione sup. e regimaz. acque","Upper erosion control and regimaz. waters","Gruppo: Controllo erosione sup. e regimaz. acque (Categoria: Frana)","Group: Upper erosion control and regimaz. waters (Category: Landslide)","SF-9","Fosso di guardia","Guard ditch","Fosso di guardia (Categoria: Frana, Gruppo: Controllo erosione sup. e regimaz. acque)","Guard ditch (Category: Landslide, Group: Upper erosion control and regimaz. waters)"
"SF","Frana","Landslide","Categoria dell'opera di risanamento: Frana","Repair work category: Landslide","SF-B","Difesa colate rapide (debris flow)","Defense of rapid flows (debris flow)","Gruppo: Difesa colate rapide (debris flow) (Categoria: Frana)","Group: Defense of rapid flows (debris flow) (Category: Landslide)","SF-37","Briglia selettiva, briglia frangicolata a speroni","Selective bridle, frangiculated spur bridle","Briglia selettiva, briglia frangicolata a speroni (Categoria: Frana, Gruppo: Difesa colate rapide (debris flow))","Selective bridle, frangiculated spur bridle (Category: Landslide, Group: Defense of rapid flows (debris flow))"
"SF","Frana","Landslide","Categoria dell'opera di risanamento: Frana","Repair work category: Landslide","SF-B","Difesa colate rapide (debris flow)","Defense of rapid flows (debris flow)","Gruppo: Difesa colate rapide (debris flow) (Categoria: Frana)","Group: Defense of rapid flows (debris flow) (Category: Landslide)","SF-54","Barriera di ritenuta in rete per colate detritiche","Net retention barrier for debris flows","Barriera di ritenuta in rete per colate detritiche (Categoria: Frana, Gruppo: Difesa colate rapide (debris flow))","Net retention barrier for debris flows (Category: Landslide, Group: Defense of rapid flows (debris flow))"
"SF","Frana","Landslide","Categoria dell'opera di risanamento: Frana","Repair work category: Landslide","SF-B","Difesa colate rapide (debris flow)","Defense of rapid flows (debris flow)","Gruppo: Difesa colate rapide (debris flow) (Categoria: Frana)","Group: Defense of rapid flows (debris flow) (Category: Landslide)","SF-38","Canale artificiale di diversione","Artificial diversion canal","Canale artificiale di diversione (Categoria: Frana, Gruppo: Difesa colate rapide (debris flow))","Artificial diversion canal (Category: Landslide, Group: Defense of rapid flows (debris flow))"
"SF","Frana","Landslide","Categoria dell'opera di risanamento: Frana","Repair work category: Landslide","SF-B","Difesa colate rapide (debris flow)","Defense of rapid flows (debris flow)","Gruppo: Difesa colate rapide (debris flow) (Categoria: Frana)","Group: Defense of rapid flows (debris flow) (Category: Landslide)","SF-39","Cuneo di deviazione/frazionamento, barriera deflettente","Deviation / fractionation wedge, deflecting barrier","Cuneo di deviazione/frazionamento, barriera deflettente (Categoria: Frana, Gruppo: Difesa colate rapide (debris flow))","Deviation / fractionation wedge, deflecting barrier (Category: Landslide, Group: Defense of rapid flows (debris flow))"
"SF","Frana","Landslide","Categoria dell'opera di risanamento: Frana","Repair work category: Landslide","SF-B","Difesa colate rapide (debris flow)","Defense of rapid flows (debris flow)","Gruppo: Difesa colate rapide (debris flow) (Categoria: Frana)","Group: Defense of rapid flows (debris flow) (Category: Landslide)","SF-36","Vasca di accumulo / piazza di deposito","Accumulation tank / storage area","Vasca di accumulo / piazza di deposito (Categoria: Frana, Gruppo: Difesa colate rapide (debris flow))","Accumulation tank / storage area (Category: Landslide, Group: Defense of rapid flows (debris flow))"
"SF","Frana","Landslide","Categoria dell'opera di risanamento: Frana","Repair work category: Landslide","SF-C","Drenaggio","Drainage","Gruppo: Drenaggio (Categoria: Frana)","Group: Drainage (Category: Landslide)","SF-28","Dreno suborizzontale","Sub-horizontal drainage","Dreno suborizzontale (Categoria: Frana, Gruppo: Drenaggio)","Sub-horizontal drainage (Category: Landslide, Group: Drainage)"
"SF","Frana","Landslide","Categoria dell'opera di risanamento: Frana","Repair work category: Landslide","SF-C","Drenaggio","Drainage","Gruppo: Drenaggio (Categoria: Frana)","Group: Drainage (Category: Landslide)","SF-29","Galleria drenante","Draining gallery","Galleria drenante (Categoria: Frana, Gruppo: Drenaggio)","Draining gallery (Category: Landslide, Group: Drainage)"
"SF","Frana","Landslide","Categoria dell'opera di risanamento: Frana","Repair work category: Landslide","SF-C","Drenaggio","Drainage","Gruppo: Drenaggio (Categoria: Frana)","Group: Drainage (Category: Landslide)","SF-27","Pozzo drenante","Draining well","Pozzo drenante (Categoria: Frana, Gruppo: Drenaggio)","Draining well (Category: Landslide, Group: Drainage)"
"SF","Frana","Landslide","Categoria dell'opera di risanamento: Frana","Repair work category: Landslide","SF-C","Drenaggio","Drainage","Gruppo: Drenaggio (Categoria: Frana)","Group: Drainage (Category: Landslide)","SF-57","Sperone drenante","Draining spur","Sperone drenante (Categoria: Frana, Gruppo: Drenaggio)","Draining spur (Category: Landslide, Group: Drainage)"
"SF","Frana","Landslide","Categoria dell'opera di risanamento: Frana","Repair work category: Landslide","SF-C","Drenaggio","Drainage","Gruppo: Drenaggio (Categoria: Frana)","Group: Drainage (Category: Landslide)","SF-26","Trincea drenante","Draining trench","Trincea drenante (Categoria: Frana, Gruppo: Drenaggio)","Draining trench (Category: Landslide, Group: Drainage)"
"SF","Frana","Landslide","Categoria dell'opera di risanamento: Frana","Repair work category: Landslide","SF-C","Drenaggio","Drainage","Gruppo: Drenaggio (Categoria: Frana)","Group: Drainage (Category: Landslide)","SF-25","Fascinata viva drenante","Lively draining fascination","Fascinata viva drenante (Categoria: Frana, Gruppo: Drenaggio)","Lively draining fascination (Category: Landslide, Group: Drainage)"
"SF","Frana","Landslide","Categoria dell'opera di risanamento: Frana","Repair work category: Landslide","SF-D","Interventi non strutturali","Non-structural interventions","Gruppo: Interventi non strutturali (Categoria: Frana)","Group: Non-structural interventions (Category: Landslide)","SF-47","Delocalizzazione","Relocation","Delocalizzazione (Categoria: Frana, Gruppo: Interventi non strutturali)","Relocation (Category: Landslide, Group: Non-structural interventions)"
"SF","Frana","Landslide","Categoria dell'opera di risanamento: Frana","Repair work category: Landslide","SF-D","Interventi non strutturali","Non-structural interventions","Gruppo: Interventi non strutturali (Categoria: Frana)","Group: Non-structural interventions (Category: Landslide)","SF-46","Sistema di allarme","Alarm system","Sistema di allarme (Categoria: Frana, Gruppo: Interventi non strutturali)","Alarm system (Category: Landslide, Group: Non-structural interventions)"
"SF","Frana","Landslide","Categoria dell'opera di risanamento: Frana","Repair work category: Landslide","SF-D","Interventi non strutturali","Non-structural interventions","Gruppo: Interventi non strutturali (Categoria: Frana)","Group: Non-structural interventions (Category: Landslide)","SF-45","Monitoraggio strumentale","Instrumental monitoring","Monitoraggio strumentale (Categoria: Frana, Gruppo: Interventi non strutturali)","Instrumental monitoring (Category: Landslide, Group: Non-structural interventions)"
"SF","Frana","Landslide","Categoria dell'opera di risanamento: Frana","Repair work category: Landslide","SF-E","Operazioni sul pendio","Operations on the slope","Gruppo: Operazioni sul pendio (Categoria: Frana)","Group: Operations on the slope (Category: Landslide)","SF-3","Taglio vegetazione, disboscamento selettivo","Vegetation cutting, selective deforestation","Taglio vegetazione, disboscamento selettivo (Categoria: Frana, Gruppo: Operazioni sul pendio)","Vegetation cutting, selective deforestation (Category: Landslide, Group: Operations on the slope)"
"SF","Frana","Landslide","Categoria dell'opera di risanamento: Frana","Repair work category: Landslide","SF-E","Operazioni sul pendio","Operations on the slope","Gruppo: Operazioni sul pendio (Categoria: Frana)","Group: Operations on the slope (Category: Landslide)","SF-2","Disgaggio, scoronamento","Disgaggio, disgrace","Disgaggio, scoronamento (Categoria: Frana, Gruppo: Operazioni sul pendio)","Disgaggio, disgrace (Category: Landslide, Group: Operations on the slope)"
"SF","Frana","Landslide","Categoria dell'opera di risanamento: Frana","Repair work category: Landslide","SF-E","Operazioni sul pendio","Operations on the slope","Gruppo: Operazioni sul pendio (Categoria: Frana)","Group: Operations on the slope (Category: Landslide)","SF-1","Riprofilatura, gradonatura, riporto terreno di appesantimento al piede","Re-profiling, benching, carrying over of the ground to weigh down the foot","Riprofilatura, gradonatura, riporto terreno di appesantimento al piede (Categoria: Frana, Gruppo: Operazioni sul pendio)","Re-profiling, benching, carrying over of the ground to weigh down the foot (Category: Landslide, Group: Operations on the slope)"
"SF","Frana","Landslide","Categoria dell'opera di risanamento: Frana","Repair work category: Landslide","SF-F","Opere complementari","Complementary works","Gruppo: Opere complementari (Categoria: Frana)","Group: Complementary works (Category: Landslide)","SF-53","Frana - Altre opere complementari","Landslide - Other complementary works","Frana - Altre opere complementari (Categoria: Frana, Gruppo: Opere complementari)","Landslide - Other complementary works (Category: Landslide, Group: Complementary works)"
"SF","Frana","Landslide","Categoria dell'opera di risanamento: Frana","Repair work category: Landslide","SF-F","Opere complementari","Complementary works","Gruppo: Opere complementari (Categoria: Frana)","Group: Complementary works (Category: Landslide)","SF-48","Realizzazione/ripristino viabilità","Realization / restoration of roads","Realizzazione/ripristino viabilità (Categoria: Frana, Gruppo: Opere complementari)","Realization / restoration of roads (Category: Landslide, Group: Complementary works)"
"SF","Frana","Landslide","Categoria dell'opera di risanamento: Frana","Repair work category: Landslide","SF-F","Opere complementari","Complementary works","Gruppo: Opere complementari (Categoria: Frana)","Group: Complementary works (Category: Landslide)","SF-51","Demolizioni","Demolitions","Demolizioni (Categoria: Frana, Gruppo: Opere complementari)","Demolitions (Category: Landslide, Group: Complementary works)"
"SF","Frana","Landslide","Categoria dell'opera di risanamento: Frana","Repair work category: Landslide","SF-F","Opere complementari","Complementary works","Gruppo: Opere complementari (Categoria: Frana)","Group: Complementary works (Category: Landslide)","SF-50","Consolidamento e riempimento cavità sotterranee","Consolidation and filling of underground cavities","Consolidamento e riempimento cavità sotterranee (Categoria: Frana, Gruppo: Opere complementari)","Consolidation and filling of underground cavities (Category: Landslide, Group: Complementary works)"
"SF","Frana","Landslide","Categoria dell'opera di risanamento: Frana","Repair work category: Landslide","SF-F","Opere complementari","Complementary works","Gruppo: Opere complementari (Categoria: Frana)","Group: Complementary works (Category: Landslide)","SF-49","Consolidamento edifici e manufatti","Consolidation of buildings and artifacts","Consolidamento edifici e manufatti (Categoria: Frana, Gruppo: Opere complementari)","Consolidation of buildings and artifacts (Category: Landslide, Group: Complementary works)"
"SF","Frana","Landslide","Categoria dell'opera di risanamento: Frana","Repair work category: Landslide","SF-F","Opere complementari","Complementary works","Gruppo: Opere complementari (Categoria: Frana)","Group: Complementary works (Category: Landslide)","SF-52","Ripristino/adeguamento condotte acque bianche e nere","Restoration / adaptation of white and black water pipelines","Ripristino/adeguamento condotte acque bianche e nere (Categoria: Frana, Gruppo: Opere complementari)","Restoration / adaptation of white and black water pipelines (Category: Landslide, Group: Complementary works)"
"SF","Frana","Landslide","Categoria dell'opera di risanamento: Frana","Repair work category: Landslide","SF-G","Opere non definite (info carenti)","Undefined works (info lacking)","Gruppo: Opere non definite (info carenti) (Categoria: Frana)","Group: Undefined works (info lacking) (Category: Landslide)","SF-0","Opere non definite su frana (informazioni carenti)","Undefined landslide works (lack of information)","Opere non definite su frana (informazioni carenti) (Categoria: Frana, Gruppo: Opere non definite (info carenti))","Undefined landslide works (lack of information) (Category: Landslide, Group: Undefined works (info lacking))"
"SF","Frana","Landslide","Categoria dell'opera di risanamento: Frana","Repair work category: Landslide","SF-H","Opere rinforzo e miglioram. del materiale","Reinforcement and improvement works of the material","Gruppo: Opere rinforzo e miglioram. del materiale (Categoria: Frana)","Group: Reinforcement and improvement works of the material (Category: Landslide)","SF-33","Iniezioni e sigillatura/sarcitura fratture","Injections and fracture sealing / sealing","Iniezioni e sigillatura/sarcitura fratture (Categoria: Frana, Gruppo: Opere rinforzo e miglioram. del materiale)","Injections and fracture sealing / sealing (Category: Landslide, Group: Reinforcement and improvement works of the material)"
"SF","Frana","Landslide","Categoria dell'opera di risanamento: Frana","Repair work category: Landslide","SF-H","Opere rinforzo e miglioram. del materiale","Reinforcement and improvement works of the material","Gruppo: Opere rinforzo e miglioram. del materiale (Categoria: Frana)","Group: Reinforcement and improvement works of the material (Category: Landslide)","SF-24","Spritz-beton con rete metallica e tiranti","Spritz-beton with wire mesh and tie rods","Spritz-beton con rete metallica e tiranti (Categoria: Frana, Gruppo: Opere rinforzo e miglioram. del materiale)","Spritz-beton with wire mesh and tie rods (Category: Landslide, Group: Reinforcement and improvement works of the material)"
"SF","Frana","Landslide","Categoria dell'opera di risanamento: Frana","Repair work category: Landslide","SF-H","Opere rinforzo e miglioram. del materiale","Reinforcement and improvement works of the material","Gruppo: Opere rinforzo e miglioram. del materiale (Categoria: Frana)","Group: Reinforcement and improvement works of the material (Category: Landslide)","SF-41","Reticoli micropali","Micropile networks","Reticoli micropali (Categoria: Frana, Gruppo: Opere rinforzo e miglioram. del materiale)","Micropile networks (Category: Landslide, Group: Reinforcement and improvement works of the material)"
"SF","Frana","Landslide","Categoria dell'opera di risanamento: Frana","Repair work category: Landslide","SF-H","Opere rinforzo e miglioram. del materiale","Reinforcement and improvement works of the material","Gruppo: Opere rinforzo e miglioram. del materiale (Categoria: Frana)","Group: Reinforcement and improvement works of the material (Category: Landslide)","SF-32","Chiodi, bulloni, tiranti, placcaggi, ancoraggi","Nails, bolts, tie rods, tackles, anchors","Chiodi, bulloni, tiranti, placcaggi, ancoraggi (Categoria: Frana, Gruppo: Opere rinforzo e miglioram. del materiale)","Nails, bolts, tie rods, tackles, anchors (Category: Landslide, Group: Reinforcement and improvement works of the material)"
"SF","Frana","Landslide","Categoria dell'opera di risanamento: Frana","Repair work category: Landslide","SF-H","Opere rinforzo e miglioram. del materiale","Reinforcement and improvement works of the material","Gruppo: Opere rinforzo e miglioram. del materiale (Categoria: Frana)","Group: Reinforcement and improvement works of the material (Category: Landslide)","SF-42","Trattamento termico, chimico, elettrico","Thermal, chemical, electrical treatment","Trattamento termico, chimico, elettrico (Categoria: Frana, Gruppo: Opere rinforzo e miglioram. del materiale)","Thermal, chemical, electrical treatment (Category: Landslide, Group: Reinforcement and improvement works of the material)"
"SF","Frana","Landslide","Categoria dell'opera di risanamento: Frana","Repair work category: Landslide","SF-H","Opere rinforzo e miglioram. del materiale","Reinforcement and improvement works of the material","Gruppo: Opere rinforzo e miglioram. del materiale (Categoria: Frana)","Group: Reinforcement and improvement works of the material (Category: Landslide)","SF-56","Chiodatura dei terreni (soil nailing)","Soil nailing","Chiodatura dei terreni (soil nailing) (Categoria: Frana, Gruppo: Opere rinforzo e miglioram. del materiale)","Soil nailing (Category: Landslide, Group: Reinforcement and improvement works of the material)"
"SF","Frana","Landslide","Categoria dell'opera di risanamento: Frana","Repair work category: Landslide","SF-H","Opere rinforzo e miglioram. del materiale","Reinforcement and improvement works of the material","Gruppo: Opere rinforzo e miglioram. del materiale (Categoria: Frana)","Group: Reinforcement and improvement works of the material (Category: Landslide)","SF-40","Iniezioni / jet grouting","Injections / jet grouting","Iniezioni / jet grouting (Categoria: Frana, Gruppo: Opere rinforzo e miglioram. del materiale)","Injections / jet grouting (Category: Landslide, Group: Reinforcement and improvement works of the material)"
"SF","Frana","Landslide","Categoria dell'opera di risanamento: Frana","Repair work category: Landslide","SF-I","Protezione caduta massi","Rockfall protection","Gruppo: Protezione caduta massi (Categoria: Frana)","Group: Rockfall protection (Category: Landslide)","SF-35","Galleria paramassi","Rockfall gallery","Galleria paramassi (Categoria: Frana, Gruppo: Protezione caduta massi)","Rockfall gallery (Category: Landslide, Group: Rockfall protection)"
"SF","Frana","Landslide","Categoria dell'opera di risanamento: Frana","Repair work category: Landslide","SF-I","Protezione caduta massi","Rockfall protection","Gruppo: Protezione caduta massi (Categoria: Frana)","Group: Rockfall protection (Category: Landslide)","SF-30","Rete metallica a doppia torsione, pannelli in fune d´acciaio, rinforzi con funi d´acciaio","Double twisted wire mesh, steel wire rope panels, steel wire rope reinforcements","Rete metallica a doppia torsione, pannelli in fune d´acciaio, rinforzi con funi d´acciaio (Categoria: Frana, Gruppo: Protezione caduta massi)","Double twisted wire mesh, steel wire rope panels, steel wire rope reinforcements (Category: Landslide, Group: Rockfall protection)"
"SF","Frana","Landslide","Categoria dell'opera di risanamento: Frana","Repair work category: Landslide","SF-I","Protezione caduta massi","Rockfall protection","Gruppo: Protezione caduta massi (Categoria: Frana)","Group: Rockfall protection (Category: Landslide)","SF-31","Barriera paramassi","Rockfall barrier","Barriera paramassi (Categoria: Frana, Gruppo: Protezione caduta massi)","Rockfall barrier (Category: Landslide, Group: Rockfall protection)"
"SF","Frana","Landslide","Categoria dell'opera di risanamento: Frana","Repair work category: Landslide","SF-I","Protezione caduta massi","Rockfall protection","Gruppo: Protezione caduta massi (Categoria: Frana)","Group: Rockfall protection (Category: Landslide)","SF-34","Vallo / rilevato paramassi","Vallo / rockfall relief","Vallo / rilevato paramassi (Categoria: Frana, Gruppo: Protezione caduta massi)","Vallo / rockfall relief (Category: Landslide, Group: Rockfall protection)"
"SF","Frana","Landslide","Categoria dell'opera di risanamento: Frana","Repair work category: Landslide","SF-J","Sostegno","Support","Gruppo: Sostegno (Categoria: Frana)","Group: Support (Category: Landslide)","SF-13","Muretto a secco","Dry stone wall","Muretto a secco (Categoria: Frana, Gruppo: Sostegno)","Dry stone wall (Category: Landslide, Group: Support)"
"SF","Frana","Landslide","Categoria dell'opera di risanamento: Frana","Repair work category: Landslide","SF-J","Sostegno","Support","Gruppo: Sostegno (Categoria: Frana)","Group: Support (Category: Landslide)","SF-19","Muro a gravità (in pietrame, in muratura, in cls.)","Gravity wall (stone, masonry, concrete)","Muro a gravità (in pietrame, in muratura, in cls.) (Categoria: Frana, Gruppo: Sostegno)","Gravity wall (stone, masonry, concrete) (Category: Landslide, Group: Support)"
"SF","Frana","Landslide","Categoria dell'opera di risanamento: Frana","Repair work category: Landslide","SF-J","Sostegno","Support","Gruppo: Sostegno (Categoria: Frana)","Group: Support (Category: Landslide)","SF-22","Muro in c.a. rivestito in pietrame","Wall in c.a. covered in stones","Muro in c.a. rivestito in pietrame (Categoria: Frana, Gruppo: Sostegno)","Wall in c.a. covered in stones (Category: Landslide, Group: Support)"
"SF","Frana","Landslide","Categoria dell'opera di risanamento: Frana","Repair work category: Landslide","SF-J","Sostegno","Support","Gruppo: Sostegno (Categoria: Frana)","Group: Support (Category: Landslide)","SF-14","Palificata doppia in legname con talee, palificata doppia in legname con talee fondata su micropali","Double timber piling with cuttings, double timber piling with cuttings based on micropiles","Palificata doppia in legname con talee, palificata doppia in legname con talee fondata su micropali (Categoria: Frana, Gruppo: Sostegno)","Double timber piling with cuttings, double timber piling with cuttings based on micropiles (Category: Landslide, Group: Support)"
"SF","Frana","Landslide","Categoria dell'opera di risanamento: Frana","Repair work category: Landslide","SF-J","Sostegno","Support","Gruppo: Sostegno (Categoria: Frana)","Group: Support (Category: Landslide)","SF-18","Terra rinforzata rinverdita","Reinforced soil revived","Terra rinforzata rinverdita (Categoria: Frana, Gruppo: Sostegno)","Reinforced soil revived (Category: Landslide, Group: Support)"
"SF","Frana","Landslide","Categoria dell'opera di risanamento: Frana","Repair work category: Landslide","SF-J","Sostegno","Support","Gruppo: Sostegno (Categoria: Frana)","Group: Support (Category: Landslide)","SF-20","Muro cellulare","Cell wall","Muro cellulare (Categoria: Frana, Gruppo: Sostegno)","Cell wall (Category: Landslide, Group: Support)"
"SF","Frana","Landslide","Categoria dell'opera di risanamento: Frana","Repair work category: Landslide","SF-J","Sostegno","Support","Gruppo: Sostegno (Categoria: Frana)","Group: Support (Category: Landslide)","SF-17","Terra rinforzata, Rilevati in terra","Reinforced ground, Embanked on the ground","Terra rinforzata, Rilevati in terra (Categoria: Frana, Gruppo: Sostegno)","Reinforced ground, Embanked on the ground (Category: Landslide, Group: Support)"
"SF","Frana","Landslide","Categoria dell'opera di risanamento: Frana","Repair work category: Landslide","SF-J","Sostegno","Support","Gruppo: Sostegno (Categoria: Frana)","Group: Support (Category: Landslide)","SF-23","Palificata, palificata tirantata, paratia di micropali, pali, palancole, pannelli in c.a.","Piling, tying piling, micropile bulkhead, poles, sheet piles, reinforced concrete panels","Palificata, palificata tirantata, paratia di micropali, pali, palancole, pannelli in c.a. (Categoria: Frana, Gruppo: Sostegno)","Piling, tying piling, micropile bulkhead, poles, sheet piles, reinforced concrete panels (Category: Landslide, Group: Support)"
"SF","Frana","Landslide","Categoria dell'opera di risanamento: Frana","Repair work category: Landslide","SF-J","Sostegno","Support","Gruppo: Sostegno (Categoria: Frana)","Group: Support (Category: Landslide)","SF-21","Muro in c.a., muro in c.a. fondato su micropali, muro in c.a. tirantato","Reinforced concrete wall, reinforced concrete wall founded on micropiles, reinforced concrete wall tirantato","Muro in c.a., muro in c.a. fondato su micropali, muro in c.a. tirantato (Categoria: Frana, Gruppo: Sostegno)","Reinforced concrete wall, reinforced concrete wall founded on micropiles, reinforced concrete wall tirantato (Category: Landslide, Group: Support)"
"SF","Frana","Landslide","Categoria dell'opera di risanamento: Frana","Repair work category: Landslide","SF-J","Sostegno","Support","Gruppo: Sostegno (Categoria: Frana)","Group: Support (Category: Landslide)","SF-16","Gabbionata rinverdita","Green gabion","Gabbionata rinverdita (Categoria: Frana, Gruppo: Sostegno)","Green gabion (Category: Landslide, Group: Support)"
"SF","Frana","Landslide","Categoria dell'opera di risanamento: Frana","Repair work category: Landslide","SF-J","Sostegno","Support","Gruppo: Sostegno (Categoria: Frana)","Group: Support (Category: Landslide)","SF-55","Altre opere di sostegno","Other support works","Altre opere di sostegno (Categoria: Frana, Gruppo: Sostegno)","Other support works (Category: Landslide, Group: Support)"
"SF","Frana","Landslide","Categoria dell'opera di risanamento: Frana","Repair work category: Landslide","SF-J","Sostegno","Support","Gruppo: Sostegno (Categoria: Frana)","Group: Support (Category: Landslide)","SF-15","Gabbionata","Gabionade","Gabbionata (Categoria: Frana, Gruppo: Sostegno)","Gabionade (Category: Landslide, Group: Support)"
"SF","Frana","Landslide","Categoria dell'opera di risanamento: Frana","Repair work category: Landslide","SF-K","Stabilizzazione superficiale","Surface stabilization","Gruppo: Stabilizzazione superficiale (Categoria: Frana)","Group: Surface stabilization (Category: Landslide)","SF-12","Grata viva","Live gratitude","Grata viva (Categoria: Frana, Gruppo: Stabilizzazione superficiale)","Live gratitude (Category: Landslide, Group: Surface stabilization)"
"SF","Frana","Landslide","Categoria dell'opera di risanamento: Frana","Repair work category: Landslide","SF-K","Stabilizzazione superficiale","Surface stabilization","Gruppo: Stabilizzazione superficiale (Categoria: Frana)","Group: Surface stabilization (Category: Landslide)","SF-10","Messa a dimora di talee, specie arbustive ed arboree","Planting of cuttings, shrub and tree species","Messa a dimora di talee, specie arbustive ed arboree (Categoria: Frana, Gruppo: Stabilizzazione superficiale)","Planting of cuttings, shrub and tree species (Category: Landslide, Group: Surface stabilization)"
"SF","Frana","Landslide","Categoria dell'opera di risanamento: Frana","Repair work category: Landslide","SF-K","Stabilizzazione superficiale","Surface stabilization","Gruppo: Stabilizzazione superficiale (Categoria: Frana)","Group: Surface stabilization (Category: Landslide)","SF-11","Gradonata/cordonata viva, viminata/graticciata viva, palizzata viva","Stairways / living curbstone, wickerwork / living grating, living palisade","Gradonata/cordonata viva, viminata/graticciata viva, palizzata viva (Categoria: Frana, Gruppo: Stabilizzazione superficiale)","Stairways / living curbstone, wickerwork / living grating, living palisade (Category: Landslide, Group: Surface stabilization)"
"SF","Frana","Landslide","Categoria dell'opera di risanamento: Frana","Repair work category: Landslide","SF-L","Studi e rilievi","Studies and surveys","Gruppo: Studi e rilievi (Categoria: Frana)","Group: Studies and surveys (Category: Landslide)","SF-44","Rilievi topografici, indagini geofisiche, geognostiche analisi geotecniche di laboratorio, ecc...","Topographic surveys, geophysical investigations, geognostic laboratory geotechnical analyzes, etc ...","Rilievi topografici, indagini geofisiche, geognostiche analisi geotecniche di laboratorio, ecc... (Categoria: Frana, Gruppo: Studi e rilievi)","Topographic surveys, geophysical investigations, geognostic laboratory geotechnical analyzes, etc ... (Category: Landslide, Group: Studies and surveys)"
"SF","Frana","Landslide","Categoria dell'opera di risanamento: Frana","Repair work category: Landslide","SF-L","Studi e rilievi","Studies and surveys","Gruppo: Studi e rilievi (Categoria: Frana)","Group: Studies and surveys (Category: Landslide)","SF-43","Studi geologici, idrogeologici, vegetazionali, modelli matematici","Geological, hydrogeological, vegetation studies, mathematical models","Studi geologici, idrogeologici, vegetazionali, modelli matematici (Categoria: Frana, Gruppo: Studi e rilievi)","Geological, hydrogeological, vegetation studies, mathematical models (Category: Landslide, Group: Studies and surveys)"
"SI","Idraulica","Hydraulics","Categoria dell'opera di risanamento: Idraulica","Repair work category: Hydraulics","SI-A","Interventi non strutturali","Non-structural interventions","Gruppo: Interventi non strutturali (Categoria: Idraulica)","Group: Non-structural interventions (Category: Hydraulics)","SI-40","Delocalizzazione","Relocation","Delocalizzazione (Categoria: Idraulica, Gruppo: Interventi non strutturali)","Relocation (Category: Hydraulics, Group: Non-structural interventions)"
"SI","Idraulica","Hydraulics","Categoria dell'opera di risanamento: Idraulica","Repair work category: Hydraulics","SI-A","Interventi non strutturali","Non-structural interventions","Gruppo: Interventi non strutturali (Categoria: Idraulica)","Group: Non-structural interventions (Category: Hydraulics)","SI-38","Monitoraggio strumentale","Instrumental monitoring","Monitoraggio strumentale (Categoria: Idraulica, Gruppo: Interventi non strutturali)","Instrumental monitoring (Category: Hydraulics, Group: Non-structural interventions)"
"SI","Idraulica","Hydraulics","Categoria dell'opera di risanamento: Idraulica","Repair work category: Hydraulics","SI-A","Interventi non strutturali","Non-structural interventions","Gruppo: Interventi non strutturali (Categoria: Idraulica)","Group: Non-structural interventions (Category: Hydraulics)","SI-39","Sistemi di allarme","Alarm systems","Sistemi di allarme (Categoria: Idraulica, Gruppo: Interventi non strutturali)","Alarm systems (Category: Hydraulics, Group: Non-structural interventions)"
"SI","Idraulica","Hydraulics","Categoria dell'opera di risanamento: Idraulica","Repair work category: Hydraulics","SI-B","Operazioni in alveo","Operations in the riverbed","Gruppo: Operazioni in alveo (Categoria: Idraulica)","Group: Operations in the riverbed (Category: Hydraulics)","SI-35","Manutenzione","Maintenance","Manutenzione (Categoria: Idraulica, Gruppo: Operazioni in alveo)","Maintenance (Category: Hydraulics, Group: Operations in the riverbed)"
"SI","Idraulica","Hydraulics","Categoria dell'opera di risanamento: Idraulica","Repair work category: Hydraulics","SI-B","Operazioni in alveo","Operations in the riverbed","Gruppo: Operazioni in alveo (Categoria: Idraulica)","Group: Operations in the riverbed (Category: Hydraulics)","SI-33","Adeguamento sezione di deflusso alveo (ricalibratura sezione / rimozione depositi alluvionali, rinaturalizzazione, demolizioni)","Adaptation of the riverbed runoff section (section recalibration / removal of alluvial deposits, renaturalization, demolition)","Adeguamento sezione di deflusso alveo (ricalibratura sezione / rimozione depositi alluvionali, rinaturalizzazione, demolizioni) (Categoria: Idraulica, Gruppo: Operazioni in alveo)","Adaptation of the riverbed runoff section (section recalibration / removal of alluvial deposits, renaturalization, demolition) (Category: Hydraulics, Group: Operations in the riverbed)"
"SI","Idraulica","Hydraulics","Categoria dell'opera di risanamento: Idraulica","Repair work category: Hydraulics","SI-B","Operazioni in alveo","Operations in the riverbed","Gruppo: Operazioni in alveo (Categoria: Idraulica)","Group: Operations in the riverbed (Category: Hydraulics)","SI-32","Taglio selettivo vegetazione","Selective cutting of vegetation","Taglio selettivo vegetazione (Categoria: Idraulica, Gruppo: Operazioni in alveo)","Selective cutting of vegetation (Category: Hydraulics, Group: Operations in the riverbed)"
"SI","Idraulica","Hydraulics","Categoria dell'opera di risanamento: Idraulica","Repair work category: Hydraulics","SI-B","Operazioni in alveo","Operations in the riverbed","Gruppo: Operazioni in alveo (Categoria: Idraulica)","Group: Operations in the riverbed (Category: Hydraulics)","SI-34","Adeguamento luce ponti, ripristino / consolidamento / adeguamento ponti","Bridge span adjustment, restoration / consolidation / bridge adjustment","Adeguamento luce ponti, ripristino / consolidamento / adeguamento ponti (Categoria: Idraulica, Gruppo: Operazioni in alveo)","Bridge span adjustment, restoration / consolidation / bridge adjustment (Category: Hydraulics, Group: Operations in the riverbed)"
"SI","Idraulica","Hydraulics","Categoria dell'opera di risanamento: Idraulica","Repair work category: Hydraulics","SI-C","Opere complementari","Complementary works","Gruppo: Opere complementari (Categoria: Idraulica)","Group: Complementary works (Category: Hydraulics)","SI-41","Realizzazione impianti di pompaggio (acque basse) / Adeguamento reti fognarie","Construction of pumping systems (shallow water) / Adjustment of sewer networks","Realizzazione impianti di pompaggio (acque basse) / Adeguamento reti fognarie (Categoria: Idraulica, Gruppo: Opere complementari)","Construction of pumping systems (shallow water) / Adjustment of sewer networks (Category: Hydraulics, Group: Complementary works)"
"SI","Idraulica","Hydraulics","Categoria dell'opera di risanamento: Idraulica","Repair work category: Hydraulics","SI-C","Opere complementari","Complementary works","Gruppo: Opere complementari (Categoria: Idraulica)","Group: Complementary works (Category: Hydraulics)","SI-42","Realizzazione / adeguamento / ripristino viabilità","Realization / adaptation / restoration of roads","Realizzazione / adeguamento / ripristino viabilità (Categoria: Idraulica, Gruppo: Opere complementari)","Realization / adaptation / restoration of roads (Category: Hydraulics, Group: Complementary works)"
"SI","Idraulica","Hydraulics","Categoria dell'opera di risanamento: Idraulica","Repair work category: Hydraulics","SI-C","Opere complementari","Complementary works","Gruppo: Opere complementari (Categoria: Idraulica)","Group: Complementary works (Category: Hydraulics)","SI-43","Alluvioni - Altre opere complementari","Alluvioni - Other complementary works","Alluvioni - Altre opere complementari (Categoria: Idraulica, Gruppo: Opere complementari)","Alluvioni - Other complementary works (Category: Hydraulics, Group: Complementary works)"
"SI","Idraulica","Hydraulics","Categoria dell'opera di risanamento: Idraulica","Repair work category: Hydraulics","SI-D","Opere di difesa e laminazione piene","Full defense and lamination works","Gruppo: Opere di difesa e laminazione piene (Categoria: Idraulica)","Group: Full defense and lamination works (Category: Hydraulics)","SI-6","Cunettone","Cunettone","Cunettone (Categoria: Idraulica, Gruppo: Opere di difesa e laminazione piene)","Cunettone (Category: Hydraulics, Group: Full defense and lamination works)"
"SI","Idraulica","Hydraulics","Categoria dell'opera di risanamento: Idraulica","Repair work category: Hydraulics","SI-D","Opere di difesa e laminazione piene","Full defense and lamination works","Gruppo: Opere di difesa e laminazione piene (Categoria: Idraulica)","Group: Full defense and lamination works (Category: Hydraulics)","SI-5","Canale scolmatore / by-pass","Overflow / by-pass channel","Canale scolmatore / by-pass (Categoria: Idraulica, Gruppo: Opere di difesa e laminazione piene)","Overflow / by-pass channel (Category: Hydraulics, Group: Full defense and lamination works)"
"SI","Idraulica","Hydraulics","Categoria dell'opera di risanamento: Idraulica","Repair work category: Hydraulics","SI-D","Opere di difesa e laminazione piene","Full defense and lamination works","Gruppo: Opere di difesa e laminazione piene (Categoria: Idraulica)","Group: Full defense and lamination works (Category: Hydraulics)","SI-4","Arginatura (ringrosso, sovralzo, rivestimento, diaframma, difesa)","Embankment (slub, overlay, lining, diaphragm, defense)","Arginatura (ringrosso, sovralzo, rivestimento, diaframma, difesa) (Categoria: Idraulica, Gruppo: Opere di difesa e laminazione piene)","Embankment (slub, overlay, lining, diaphragm, defense) (Category: Hydraulics, Group: Full defense and lamination works)"
"SI","Idraulica","Hydraulics","Categoria dell'opera di risanamento: Idraulica","Repair work category: Hydraulics","SI-D","Opere di difesa e laminazione piene","Full defense and lamination works","Gruppo: Opere di difesa e laminazione piene (Categoria: Idraulica)","Group: Full defense and lamination works (Category: Hydraulics)","SI-3","Vasca di accumulo / piazza di deposito","Accumulation tank / storage area","Vasca di accumulo / piazza di deposito (Categoria: Idraulica, Gruppo: Opere di difesa e laminazione piene)","Accumulation tank / storage area (Category: Hydraulics, Group: Full defense and lamination works)"
"SI","Idraulica","Hydraulics","Categoria dell'opera di risanamento: Idraulica","Repair work category: Hydraulics","SI-D","Opere di difesa e laminazione piene","Full defense and lamination works","Gruppo: Opere di difesa e laminazione piene (Categoria: Idraulica)","Group: Full defense and lamination works (Category: Hydraulics)","SI-44","Adeguamento tombinatura","Manhole adjustment","Adeguamento tombinatura (Categoria: Idraulica, Gruppo: Opere di difesa e laminazione piene)","Manhole adjustment (Category: Hydraulics, Group: Full defense and lamination works)"
"SI","Idraulica","Hydraulics","Categoria dell'opera di risanamento: Idraulica","Repair work category: Hydraulics","SI-D","Opere di difesa e laminazione piene","Full defense and lamination works","Gruppo: Opere di difesa e laminazione piene (Categoria: Idraulica)","Group: Full defense and lamination works (Category: Hydraulics)","SI-2","Cassa di espansione (traversa, scarico di fondo, sfioratore, paratie)","Expansion tank (crosshead, bottom drain, spillway, bulkheads)","Cassa di espansione (traversa, scarico di fondo, sfioratore, paratie) (Categoria: Idraulica, Gruppo: Opere di difesa e laminazione piene)","Expansion tank (crosshead, bottom drain, spillway, bulkheads) (Category: Hydraulics, Group: Full defense and lamination works)"
"SI","Idraulica","Hydraulics","Categoria dell'opera di risanamento: Idraulica","Repair work category: Hydraulics","SI-D","Opere di difesa e laminazione piene","Full defense and lamination works","Gruppo: Opere di difesa e laminazione piene (Categoria: Idraulica)","Group: Full defense and lamination works (Category: Hydraulics)","SI-1","Serbatoio","Tank","Serbatoio (Categoria: Idraulica, Gruppo: Opere di difesa e laminazione piene)","Tank (Category: Hydraulics, Group: Full defense and lamination works)"
"SI","Idraulica","Hydraulics","Categoria dell'opera di risanamento: Idraulica","Repair work category: Hydraulics","SI-E","Opere di rinverdimento e antierosione","Greening and anti-erosion works","Gruppo: Opere di rinverdimento e antierosione (Categoria: Idraulica)","Group: Greening and anti-erosion works (Category: Hydraulics)","SI-28","Semina, idrosemina","Sowing, hydroseeding","Semina, idrosemina (Categoria: Idraulica, Gruppo: Opere di rinverdimento e antierosione)","Sowing, hydroseeding (Category: Hydraulics, Group: Greening and anti-erosion works)"
"SI","Idraulica","Hydraulics","Categoria dell'opera di risanamento: Idraulica","Repair work category: Hydraulics","SI-E","Opere di rinverdimento e antierosione","Greening and anti-erosion works","Gruppo: Opere di rinverdimento e antierosione (Categoria: Idraulica)","Group: Greening and anti-erosion works (Category: Hydraulics)","SI-30","Biostuoia, biorete, biofeltro (biodegradabili)","Biomat, bio-mesh, bio-felt (biodegradable)","Biostuoia, biorete, biofeltro (biodegradabili) (Categoria: Idraulica, Gruppo: Opere di rinverdimento e antierosione)","Biomat, bio-mesh, bio-felt (biodegradable) (Category: Hydraulics, Group: Greening and anti-erosion works)"
"SI","Idraulica","Hydraulics","Categoria dell'opera di risanamento: Idraulica","Repair work category: Hydraulics","SI-E","Opere di rinverdimento e antierosione","Greening and anti-erosion works","Gruppo: Opere di rinverdimento e antierosione (Categoria: Idraulica)","Group: Greening and anti-erosion works (Category: Hydraulics)","SI-31","Geostuoia tridimensionale, geocomposito, geocelle (sintetici)","Three-dimensional geomat, geocomposite, geocells (synthetic)","Geostuoia tridimensionale, geocomposito, geocelle (sintetici) (Categoria: Idraulica, Gruppo: Opere di rinverdimento e antierosione)","Three-dimensional geomat, geocomposite, geocells (synthetic) (Category: Hydraulics, Group: Greening and anti-erosion works)"
"SI","Idraulica","Hydraulics","Categoria dell'opera di risanamento: Idraulica","Repair work category: Hydraulics","SI-E","Opere di rinverdimento e antierosione","Greening and anti-erosion works","Gruppo: Opere di rinverdimento e antierosione (Categoria: Idraulica)","Group: Greening and anti-erosion works (Category: Hydraulics)","SI-29","Messa a dimora di talee, specie arbustive ed arboree","Planting of cuttings, shrub and tree species","Messa a dimora di talee, specie arbustive ed arboree (Categoria: Idraulica, Gruppo: Opere di rinverdimento e antierosione)","Planting of cuttings, shrub and tree species (Category: Hydraulics, Group: Greening and anti-erosion works)"
"SI","Idraulica","Hydraulics","Categoria dell'opera di risanamento: Idraulica","Repair work category: Hydraulics","SI-F","Opere longitudinali","Longitudinal works","Gruppo: Opere longitudinali (Categoria: Idraulica)","Group: Longitudinal works (Category: Hydraulics)","SI-19","Scogliera","Cliff","Scogliera (Categoria: Idraulica, Gruppo: Opere longitudinali)","Cliff (Category: Hydraulics, Group: Longitudinal works)"
"SI","Idraulica","Hydraulics","Categoria dell'opera di risanamento: Idraulica","Repair work category: Hydraulics","SI-F","Opere longitudinali","Longitudinal works","Gruppo: Opere longitudinali (Categoria: Idraulica)","Group: Longitudinal works (Category: Hydraulics)","SI-16","Muro in c.a. rivestito in pietrame, muro in  massi cementati","Wall in c.a. covered in stones, wall in cemented boulders","Muro in c.a. rivestito in pietrame, muro in  massi cementati (Categoria: Idraulica, Gruppo: Opere longitudinali)","Wall in c.a. covered in stones, wall in cemented boulders (Category: Hydraulics, Group: Longitudinal works)"
"SI","Idraulica","Hydraulics","Categoria dell'opera di risanamento: Idraulica","Repair work category: Hydraulics","SI-F","Opere longitudinali","Longitudinal works","Gruppo: Opere longitudinali (Categoria: Idraulica)","Group: Longitudinal works (Category: Hydraulics)","SI-17","Gabbionata longitudinale","Longitudinal gabion","Gabbionata longitudinale (Categoria: Idraulica, Gruppo: Opere longitudinali)","Longitudinal gabion (Category: Hydraulics, Group: Longitudinal works)"
"SI","Idraulica","Hydraulics","Categoria dell'opera di risanamento: Idraulica","Repair work category: Hydraulics","SI-F","Opere longitudinali","Longitudinal works","Gruppo: Opere longitudinali (Categoria: Idraulica)","Group: Longitudinal works (Category: Hydraulics)","SI-21","Materasso in rete metallica","Metal mesh mattress","Materasso in rete metallica (Categoria: Idraulica, Gruppo: Opere longitudinali)","Metal mesh mattress (Category: Hydraulics, Group: Longitudinal works)"
"SI","Idraulica","Hydraulics","Categoria dell'opera di risanamento: Idraulica","Repair work category: Hydraulics","SI-F","Opere longitudinali","Longitudinal works","Gruppo: Opere longitudinali (Categoria: Idraulica)","Group: Longitudinal works (Category: Hydraulics)","SI-20","Scogliera rinverdita","Green cliff","Scogliera rinverdita (Categoria: Idraulica, Gruppo: Opere longitudinali)","Green cliff (Category: Hydraulics, Group: Longitudinal works)"
"SI","Idraulica","Hydraulics","Categoria dell'opera di risanamento: Idraulica","Repair work category: Hydraulics","SI-F","Opere longitudinali","Longitudinal works","Gruppo: Opere longitudinali (Categoria: Idraulica)","Group: Longitudinal works (Category: Hydraulics)","SI-15","Muro in c.a., sottomurazioni","Reinforced concrete wall, sub-walls","Muro in c.a., sottomurazioni (Categoria: Idraulica, Gruppo: Opere longitudinali)","Reinforced concrete wall, sub-walls (Category: Hydraulics, Group: Longitudinal works)"
"SI","Idraulica","Hydraulics","Categoria dell'opera di risanamento: Idraulica","Repair work category: Hydraulics","SI-F","Opere longitudinali","Longitudinal works","Gruppo: Opere longitudinali (Categoria: Idraulica)","Group: Longitudinal works (Category: Hydraulics)","SI-23","Terra rinforzata di sponda","Reinforced shore earth","Terra rinforzata di sponda (Categoria: Idraulica, Gruppo: Opere longitudinali)","Reinforced shore earth (Category: Hydraulics, Group: Longitudinal works)"
"SI","Idraulica","Hydraulics","Categoria dell'opera di risanamento: Idraulica","Repair work category: Hydraulics","SI-F","Opere longitudinali","Longitudinal works","Gruppo: Opere longitudinali (Categoria: Idraulica)","Group: Longitudinal works (Category: Hydraulics)","SI-26","Palificata viva spondale","Live piling on the bank","Palificata viva spondale (Categoria: Idraulica, Gruppo: Opere longitudinali)","Live piling on the bank (Category: Hydraulics, Group: Longitudinal works)"
"SI","Idraulica","Hydraulics","Categoria dell'opera di risanamento: Idraulica","Repair work category: Hydraulics","SI-F","Opere longitudinali","Longitudinal works","Gruppo: Opere longitudinali (Categoria: Idraulica)","Group: Longitudinal works (Category: Hydraulics)","SI-27","Fascinata viva spondale, ribalta viva spondale, viminata viva spondale, rullo spondale","Fascinata alive bank, fore fore alive bank, viminata alive bank, roller bank","Fascinata viva spondale, ribalta viva spondale, viminata viva spondale, rullo spondale (Categoria: Idraulica, Gruppo: Opere longitudinali)","Fascinata alive bank, fore fore alive bank, viminata alive bank, roller bank (Category: Hydraulics, Group: Longitudinal works)"
"SI","Idraulica","Hydraulics","Categoria dell'opera di risanamento: Idraulica","Repair work category: Hydraulics","SI-F","Opere longitudinali","Longitudinal works","Gruppo: Opere longitudinali (Categoria: Idraulica)","Group: Longitudinal works (Category: Hydraulics)","SI-22","Materasso in rete metallica rinverdito","Green mesh mattress","Materasso in rete metallica rinverdito (Categoria: Idraulica, Gruppo: Opere longitudinali)","Green mesh mattress (Category: Hydraulics, Group: Longitudinal works)"
"SI","Idraulica","Hydraulics","Categoria dell'opera di risanamento: Idraulica","Repair work category: Hydraulics","SI-F","Opere longitudinali","Longitudinal works","Gruppo: Opere longitudinali (Categoria: Idraulica)","Group: Longitudinal works (Category: Hydraulics)","SI-24","Terra rinforzata di sponda rinverdita","Reinforced earth of the green bank","Terra rinforzata di sponda rinverdita (Categoria: Idraulica, Gruppo: Opere longitudinali)","Reinforced earth of the green bank (Category: Hydraulics, Group: Longitudinal works)"
"SI","Idraulica","Hydraulics","Categoria dell'opera di risanamento: Idraulica","Repair work category: Hydraulics","SI-F","Opere longitudinali","Longitudinal works","Gruppo: Opere longitudinali (Categoria: Idraulica)","Group: Longitudinal works (Category: Hydraulics)","SI-18","Gabbionata rinverdita","Green gabion","Gabbionata rinverdita (Categoria: Idraulica, Gruppo: Opere longitudinali)","Green gabion (Category: Hydraulics, Group: Longitudinal works)"
"SI","Idraulica","Hydraulics","Categoria dell'opera di risanamento: Idraulica","Repair work category: Hydraulics","SI-F","Opere longitudinali","Longitudinal works","Gruppo: Opere longitudinali (Categoria: Idraulica)","Group: Longitudinal works (Category: Hydraulics)","SI-25","Copertura diffusa con ramaglia viva","Diffuse coverage with live branches","Copertura diffusa con ramaglia viva (Categoria: Idraulica, Gruppo: Opere longitudinali)","Diffuse coverage with live branches (Category: Hydraulics, Group: Longitudinal works)"
"SI","Idraulica","Hydraulics","Categoria dell'opera di risanamento: Idraulica","Repair work category: Hydraulics","SI-G","Opere non definite (info carenti)","Undefined works (info lacking)","Gruppo: Opere non definite (info carenti) (Categoria: Idraulica)","Group: Undefined works (info lacking) (Category: Hydraulics)","SI-0","Opere idrauliche non definite (informazioni carenti)","Undefined hydraulic works (lack of information)","Opere idrauliche non definite (informazioni carenti) (Categoria: Idraulica, Gruppo: Opere non definite (info carenti))","Undefined hydraulic works (lack of information) (Category: Hydraulics, Group: Undefined works (info lacking))"
"SI","Idraulica","Hydraulics","Categoria dell'opera di risanamento: Idraulica","Repair work category: Hydraulics","SI-H","Opere trasversali","Transversal works","Gruppo: Opere trasversali (Categoria: Idraulica)","Group: Transversal works (Category: Hydraulics)","SI-8","Briglia in gabbioni","Gabion bridle","Briglia in gabbioni (Categoria: Idraulica, Gruppo: Opere trasversali)","Gabion bridle (Category: Hydraulics, Group: Transversal works)"
"SI","Idraulica","Hydraulics","Categoria dell'opera di risanamento: Idraulica","Repair work category: Hydraulics","SI-H","Opere trasversali","Transversal works","Gruppo: Opere trasversali (Categoria: Idraulica)","Group: Transversal works (Category: Hydraulics)","SI-7","Briglia in c.a.","Reinforced reinforced concrete","Briglia in c.a. (Categoria: Idraulica, Gruppo: Opere trasversali)","Reinforced reinforced concrete (Category: Hydraulics, Group: Transversal works)"
"SI","Idraulica","Hydraulics","Categoria dell'opera di risanamento: Idraulica","Repair work category: Hydraulics","SI-H","Opere trasversali","Transversal works","Gruppo: Opere trasversali (Categoria: Idraulica)","Group: Transversal works (Category: Hydraulics)","SI-11","Soglia di fondo","Bottom threshold","Soglia di fondo (Categoria: Idraulica, Gruppo: Opere trasversali)","Bottom threshold (Category: Hydraulics, Group: Transversal works)"
"SI","Idraulica","Hydraulics","Categoria dell'opera di risanamento: Idraulica","Repair work category: Hydraulics","SI-H","Opere trasversali","Transversal works","Gruppo: Opere trasversali (Categoria: Idraulica)","Group: Transversal works (Category: Hydraulics)","SI-13","Pennello in c.a.","Brush in c.a.","Pennello in c.a. (Categoria: Idraulica, Gruppo: Opere trasversali)","Brush in c.a. (Category: Hydraulics, Group: Transversal works)"
"SI","Idraulica","Hydraulics","Categoria dell'opera di risanamento: Idraulica","Repair work category: Hydraulics","SI-H","Opere trasversali","Transversal works","Gruppo: Opere trasversali (Categoria: Idraulica)","Group: Transversal works (Category: Hydraulics)","SI-10","Briglia in pietrame e legname rinverdita","Green stone and timber bridle","Briglia in pietrame e legname rinverdita (Categoria: Idraulica, Gruppo: Opere trasversali)","Green stone and timber bridle (Category: Hydraulics, Group: Transversal works)"
"SI","Idraulica","Hydraulics","Categoria dell'opera di risanamento: Idraulica","Repair work category: Hydraulics","SI-H","Opere trasversali","Transversal works","Gruppo: Opere trasversali (Categoria: Idraulica)","Group: Transversal works (Category: Hydraulics)","SI-9","Briglia selettiva (a fessura, a reticolato, a pettine)","Selective bridle (slit, reticulated, comb)","Briglia selettiva (a fessura, a reticolato, a pettine) (Categoria: Idraulica, Gruppo: Opere trasversali)","Selective bridle (slit, reticulated, comb) (Category: Hydraulics, Group: Transversal works)"
"SI","Idraulica","Hydraulics","Categoria dell'opera di risanamento: Idraulica","Repair work category: Hydraulics","SI-H","Opere trasversali","Transversal works","Gruppo: Opere trasversali (Categoria: Idraulica)","Group: Transversal works (Category: Hydraulics)","SI-14","Repellente vivo in legname e pietrame","Live repellent in wood and stone","Repellente vivo in legname e pietrame (Categoria: Idraulica, Gruppo: Opere trasversali)","Live repellent in wood and stone (Category: Hydraulics, Group: Transversal works)"
"SI","Idraulica","Hydraulics","Categoria dell'opera di risanamento: Idraulica","Repair work category: Hydraulics","SI-H","Opere trasversali","Transversal works","Gruppo: Opere trasversali (Categoria: Idraulica)","Group: Transversal works (Category: Hydraulics)","SI-12","Rampa in pietrame","Stone ramp","Rampa in pietrame (Categoria: Idraulica, Gruppo: Opere trasversali)","Stone ramp (Category: Hydraulics, Group: Transversal works)"
"SI","Idraulica","Hydraulics","Categoria dell'opera di risanamento: Idraulica","Repair work category: Hydraulics","SI-I","Studi e rilievi","Studies and surveys","Gruppo: Studi e rilievi (Categoria: Idraulica)","Group: Studies and surveys (Category: Hydraulics)","SI-37","Rilievi topografici, indagini geofisiche, sondaggi ecc.","Topographic surveys, geophysical surveys, surveys, etc.","Rilievi topografici, indagini geofisiche, sondaggi ecc. (Categoria: Idraulica, Gruppo: Studi e rilievi)","Topographic surveys, geophysical surveys, surveys, etc. (Category: Hydraulics, Group: Studies and surveys)"
"SI","Idraulica","Hydraulics","Categoria dell'opera di risanamento: Idraulica","Repair work category: Hydraulics","SI-I","Studi e rilievi","Studies and surveys","Gruppo: Studi e rilievi (Categoria: Idraulica)","Group: Studies and surveys (Category: Hydraulics)","SI-36","Studi e modelli idrologici, idraulici, vegetazionali","Hydrological, hydraulic and vegetational studies and models","Studi e modelli idrologici, idraulici, vegetazionali (Categoria: Idraulica, Gruppo: Studi e rilievi)","Hydrological, hydraulic and vegetational studies and models (Category: Hydraulics, Group: Studies and surveys)"
"SIN","Incendio","Fire","Categoria dell'opera di risanamento: Incendio","Repair work category: Fire","SIN-A","Interventi non strutturali","Non-structural interventions","Gruppo: Interventi non strutturali (Categoria: Incendio)","Group: Non-structural interventions (Category: Fire)","SIN-10","Incendi - Altri interventi non strutturali","Fires - Other not structural interventions","Incendi - Altri interventi non strutturali (Categoria: Incendio, Gruppo: Interventi non strutturali)","Fires - Other not structural interventions (Category: Fire, Group: Non-structural interventions)"
"SIN","Incendio","Fire","Categoria dell'opera di risanamento: Incendio","Repair work category: Fire","SIN-A","Interventi non strutturali","Non-structural interventions","Gruppo: Interventi non strutturali (Categoria: Incendio)","Group: Non-structural interventions (Category: Fire)","SIN-9","Monitoraggio strumentale","Instrumental monitoring","Monitoraggio strumentale (Categoria: Incendio, Gruppo: Interventi non strutturali)","Instrumental monitoring (Category: Fire, Group: Non-structural interventions)"
"SIN","Incendio","Fire","Categoria dell'opera di risanamento: Incendio","Repair work category: Fire","SIN-B","Interventi strutturali","Structural interventions","Gruppo: Interventi strutturali (Categoria: Incendio)","Group: Structural interventions (Category: Fire)","SIN-7","Realizzazione/ripristino strade forestali","Construction / restoration of forest roads","Realizzazione/ripristino strade forestali (Categoria: Incendio, Gruppo: Interventi strutturali)","Construction / restoration of forest roads (Category: Fire, Group: Structural interventions)"
"SIN","Incendio","Fire","Categoria dell'opera di risanamento: Incendio","Repair work category: Fire","SIN-B","Interventi strutturali","Structural interventions","Gruppo: Interventi strutturali (Categoria: Incendio)","Group: Structural interventions (Category: Fire)","SIN-3","Rimboschimento","Reforestation","Rimboschimento (Categoria: Incendio, Gruppo: Interventi strutturali)","Reforestation (Category: Fire, Group: Structural interventions)"
"SIN","Incendio","Fire","Categoria dell'opera di risanamento: Incendio","Repair work category: Fire","SIN-B","Interventi strutturali","Structural interventions","Gruppo: Interventi strutturali (Categoria: Incendio)","Group: Structural interventions (Category: Fire)","SIN-4","Viale parafuoco/fascia parafuoco","Fire screen avenue / fire screen strip","Viale parafuoco/fascia parafuoco (Categoria: Incendio, Gruppo: Interventi strutturali)","Fire screen avenue / fire screen strip (Category: Fire, Group: Structural interventions)"
"SIN","Incendio","Fire","Categoria dell'opera di risanamento: Incendio","Repair work category: Fire","SIN-B","Interventi strutturali","Structural interventions","Gruppo: Interventi strutturali (Categoria: Incendio)","Group: Structural interventions (Category: Fire)","SIN-2","Decespugliamento selettivo","Selective clearing","Decespugliamento selettivo (Categoria: Incendio, Gruppo: Interventi strutturali)","Selective clearing (Category: Fire, Group: Structural interventions)"
"SIN","Incendio","Fire","Categoria dell'opera di risanamento: Incendio","Repair work category: Fire","SIN-B","Interventi strutturali","Structural interventions","Gruppo: Interventi strutturali (Categoria: Incendio)","Group: Structural interventions (Category: Fire)","SIN-5","Riceppatura/tramarratura","Receiving / hoovering","Riceppatura/tramarratura (Categoria: Incendio, Gruppo: Interventi strutturali)","Receiving / hoovering (Category: Fire, Group: Structural interventions)"
"SIN","Incendio","Fire","Categoria dell'opera di risanamento: Incendio","Repair work category: Fire","SIN-B","Interventi strutturali","Structural interventions","Gruppo: Interventi strutturali (Categoria: Incendio)","Group: Structural interventions (Category: Fire)","SIN-1","Taglio specie arboree bruciate","Cutting of burnt tree species","Taglio specie arboree bruciate (Categoria: Incendio, Gruppo: Interventi strutturali)","Cutting of burnt tree species (Category: Fire, Group: Structural interventions)"
"SIN","Incendio","Fire","Categoria dell'opera di risanamento: Incendio","Repair work category: Fire","SIN-B","Interventi strutturali","Structural interventions","Gruppo: Interventi strutturali (Categoria: Incendio)","Group: Structural interventions (Category: Fire)","SIN-8","Incendi - Altri interventi strutturali","Fires - Other structural interventions","Incendi - Altri interventi strutturali (Categoria: Incendio, Gruppo: Interventi strutturali)","Fires - Other structural interventions (Category: Fire, Group: Structural interventions)"
"SIN","Incendio","Fire","Categoria dell'opera di risanamento: Incendio","Repair work category: Fire","SIN-B","Interventi strutturali","Structural interventions","Gruppo: Interventi strutturali (Categoria: Incendio)","Group: Structural interventions (Category: Fire)","SIN-6","Cippatura","Chipping","Cippatura (Categoria: Incendio, Gruppo: Interventi strutturali)","Chipping (Category: Fire, Group: Structural interventions)"
"SIN","Incendio","Fire","Categoria dell'opera di risanamento: Incendio","Repair work category: Fire","SIN-C","Opere non definite (info carenti)","Undefined works (info lacking)","Gruppo: Opere non definite (info carenti) (Categoria: Incendio)","Group: Undefined works (info lacking) (Category: Fire)","SIN-0","Opere non definite per dissesto da incendio  (informazioni carenti)","Undefined works due to instability due to fires (lack of information)","Opere non definite per dissesto da incendio  (informazioni carenti) (Categoria: Incendio, Gruppo: Opere non definite (info carenti))","Undefined works due to instability due to fires (lack of information) (Category: Fire, Group: Undefined works (info lacking))"
"SV","Valanga","Avalanche","Categoria dell'opera di risanamento: Valanga","Repair work category: Avalanche","SV-A","Interventi non strutturali","Non-structural interventions","Gruppo: Interventi non strutturali (Categoria: Valanga)","Group: Non-structural interventions (Category: Avalanche)","SV-13","Sistema di allarme (Semafori da valanga)","Warning system (Avalanche traffic lights)","Sistema di allarme (Semafori da valanga) (Categoria: Valanga, Gruppo: Interventi non strutturali)","Warning system (Avalanche traffic lights) (Category: Avalanche, Group: Non-structural interventions)"
"SV","Valanga","Avalanche","Categoria dell'opera di risanamento: Valanga","Repair work category: Avalanche","SV-A","Interventi non strutturali","Non-structural interventions","Gruppo: Interventi non strutturali (Categoria: Valanga)","Group: Non-structural interventions (Category: Avalanche)","SV-12","Monitoraggio strumentale","Instrumental monitoring","Monitoraggio strumentale (Categoria: Valanga, Gruppo: Interventi non strutturali)","Instrumental monitoring (Category: Avalanche, Group: Non-structural interventions)"
"SV","Valanga","Avalanche","Categoria dell'opera di risanamento: Valanga","Repair work category: Avalanche","SV-A","Interventi non strutturali","Non-structural interventions","Gruppo: Interventi non strutturali (Categoria: Valanga)","Group: Non-structural interventions (Category: Avalanche)","SV-14","Delocalizzazione","Relocation","Delocalizzazione (Categoria: Valanga, Gruppo: Interventi non strutturali)","Relocation (Category: Avalanche, Group: Non-structural interventions)"
"SV","Valanga","Avalanche","Categoria dell'opera di risanamento: Valanga","Repair work category: Avalanche","SV-B","Interventi strutturali","Structural interventions","Gruppo: Interventi strutturali (Categoria: Valanga)","Group: Structural interventions (Category: Avalanche)","SV-7","Opere di frenaggio (coni di frenaggio)","Braking works (braking cones)","Opere di frenaggio (coni di frenaggio) (Categoria: Valanga, Gruppo: Interventi strutturali)","Braking works (braking cones) (Category: Avalanche, Group: Structural interventions)"
"SV","Valanga","Avalanche","Categoria dell'opera di risanamento: Valanga","Repair work category: Avalanche","SV-B","Interventi strutturali","Structural interventions","Gruppo: Interventi strutturali (Categoria: Valanga)","Group: Structural interventions (Category: Avalanche)","SV-8","Gallerie paravalanghe","Avalanche protection tunnels","Gallerie paravalanghe (Categoria: Valanga, Gruppo: Interventi strutturali)","Avalanche protection tunnels (Category: Avalanche, Group: Structural interventions)"
"SV","Valanga","Avalanche","Categoria dell'opera di risanamento: Valanga","Repair work category: Avalanche","SV-B","Interventi strutturali","Structural interventions","Gruppo: Interventi strutturali (Categoria: Valanga)","Group: Structural interventions (Category: Avalanche)","SV-1","Rastrelliere o staccionate","Racks or fences","Rastrelliere o staccionate (Categoria: Valanga, Gruppo: Interventi strutturali)","Racks or fences (Category: Avalanche, Group: Structural interventions)"
"SV","Valanga","Avalanche","Categoria dell'opera di risanamento: Valanga","Repair work category: Avalanche","SV-B","Interventi strutturali","Structural interventions","Gruppo: Interventi strutturali (Categoria: Valanga)","Group: Structural interventions (Category: Avalanche)","SV-10","Dighe di intercettazione/ deviazione","Interception / diversion dams","Dighe di intercettazione/ deviazione (Categoria: Valanga, Gruppo: Interventi strutturali)","Interception / diversion dams (Category: Avalanche, Group: Structural interventions)"
"SV","Valanga","Avalanche","Categoria dell'opera di risanamento: Valanga","Repair work category: Avalanche","SV-B","Interventi strutturali","Structural interventions","Gruppo: Interventi strutturali (Categoria: Valanga)","Group: Structural interventions (Category: Avalanche)","SV-9","Terrapieni/muri","Embankments / walls","Terrapieni/muri (Categoria: Valanga, Gruppo: Interventi strutturali)","Embankments / walls (Category: Avalanche, Group: Structural interventions)"
"SV","Valanga","Avalanche","Categoria dell'opera di risanamento: Valanga","Repair work category: Avalanche","SV-B","Interventi strutturali","Structural interventions","Gruppo: Interventi strutturali (Categoria: Valanga)","Group: Structural interventions (Category: Avalanche)","SV-3","Gradoni o terrazzamenti","Steps or terraces","Gradoni o terrazzamenti (Categoria: Valanga, Gruppo: Interventi strutturali)","Steps or terraces (Category: Avalanche, Group: Structural interventions)"
"SV","Valanga","Avalanche","Categoria dell'opera di risanamento: Valanga","Repair work category: Avalanche","SV-B","Interventi strutturali","Structural interventions","Gruppo: Interventi strutturali (Categoria: Valanga)","Group: Structural interventions (Category: Avalanche)","SV-11","Valanga - Altri interventi strutturali","Avalanche - Other structural interventions","Valanga - Altri interventi strutturali (Categoria: Valanga, Gruppo: Interventi strutturali)","Avalanche - Other structural interventions (Category: Avalanche, Group: Structural interventions)"
"SV","Valanga","Avalanche","Categoria dell'opera di risanamento: Valanga","Repair work category: Avalanche","SV-B","Interventi strutturali","Structural interventions","Gruppo: Interventi strutturali (Categoria: Valanga)","Group: Structural interventions (Category: Avalanche)","SV-2","Reti paravalanghe","Avalanche protection nets","Reti paravalanghe (Categoria: Valanga, Gruppo: Interventi strutturali)","Avalanche protection nets (Category: Avalanche, Group: Structural interventions)"
"SV","Valanga","Avalanche","Categoria dell'opera di risanamento: Valanga","Repair work category: Avalanche","SV-B","Interventi strutturali","Structural interventions","Gruppo: Interventi strutturali (Categoria: Valanga)","Group: Structural interventions (Category: Avalanche)","SV-5","Treppiedi in legname con rimboschimento","Tripod in timber with reforestation","Treppiedi in legname con rimboschimento (Categoria: Valanga, Gruppo: Interventi strutturali)","Tripod in timber with reforestation (Category: Avalanche, Group: Structural interventions)"
"SV","Valanga","Avalanche","Categoria dell'opera di risanamento: Valanga","Repair work category: Avalanche","SV-B","Interventi strutturali","Structural interventions","Gruppo: Interventi strutturali (Categoria: Valanga)","Group: Structural interventions (Category: Avalanche)","SV-4","Rimboschimenti","Reforestation","Rimboschimenti (Categoria: Valanga, Gruppo: Interventi strutturali)","Reforestation (Category: Avalanche, Group: Structural interventions)"
"SV","Valanga","Avalanche","Categoria dell'opera di risanamento: Valanga","Repair work category: Avalanche","SV-B","Interventi strutturali","Structural interventions","Gruppo: Interventi strutturali (Categoria: Valanga)","Group: Structural interventions (Category: Avalanche)","SV-6","Barriere frangivento","Windbreak barriers","Barriere frangivento (Categoria: Valanga, Gruppo: Interventi strutturali)","Windbreak barriers (Category: Avalanche, Group: Structural interventions)"
"SV","Valanga","Avalanche","Categoria dell'opera di risanamento: Valanga","Repair work category: Avalanche","SV-C","Opere non definite (info carenti)","Undefined works (info lacking)","Gruppo: Opere non definite (info carenti) (Categoria: Valanga)","Group: Undefined works (info lacking) (Category: Avalanche)","SV-0","Opere non definite per valanga  (informazioni carenti)","Undefined avalanche works (lack of information)","Opere non definite per valanga  (informazioni carenti) (Categoria: Valanga, Gruppo: Opere non definite (info carenti))","Undefined avalanche works (lack of information) (Category: Avalanche, Group: Undefined works (info lacking))"
